{
  "FC-Dropout, CONV-BN": {
    "train_accs": [
      [
        84.62,
        96.1,
        96.95166666666667,
        97.40833333333333,
        97.72666666666667,
        97.90333333333334,
        98.03833333333333,
        98.09166666666667,
        98.23166666666667,
        98.33833333333334,
        98.45833333333333,
        98.48333333333333,
        98.55833333333334,
        98.49333333333334,
        98.68166666666667,
        98.67333333333333,
        98.64666666666666,
        98.82666666666667,
        98.76666666666667,
        98.88166666666666
      ],
      [
        85.08333333333333,
        96.12166666666667,
        97.02333333333333,
        97.43666666666667,
        97.78833333333333,
        97.955,
        98.17333333333333,
        98.25333333333333,
        98.35333333333334,
        98.50666666666666,
        98.46333333333334,
        98.57,
        98.65833333333333,
        98.665,
        98.70166666666667,
        98.73166666666667,
        98.74,
        98.82666666666667,
        98.9,
        98.975
      ],
      [
        85.33,
        96.18833333333333,
        97.14,
        97.505,
        97.75333333333333,
        98.05333333333333,
        98.15,
        98.24,
        98.39,
        98.505,
        98.59166666666667,
        98.60166666666667,
        98.71833333333333,
        98.705,
        98.76,
        98.76333333333334,
        98.87666666666667,
        98.88833333333334,
        98.93833333333333,
        98.93333333333334
      ],
      [
        85.03,
        96.27833333333334,
        97.1,
        97.53166666666667,
        97.85833333333333,
        98.02666666666667,
        98.14333333333333,
        98.25,
        98.28333333333333,
        98.49166666666666,
        98.505,
        98.60333333333334,
        98.54666666666667,
        98.625,
        98.75166666666667,
        98.76,
        98.79666666666667,
        98.78333333333333,
        98.85833333333333,
        98.91166666666666
      ],
      [
        85.19833333333334,
        96.17166666666667,
        97.165,
        97.62333333333333,
        97.955,
        98.04666666666667,
        98.155,
        98.33666666666667,
        98.465,
        98.47,
        98.59,
        98.69,
        98.69666666666667,
        98.70833333333333,
        98.86333333333333,
        98.78,
        98.80666666666667,
        98.865,
        98.935,
        99.01
      ]
    ],
    "test_accs": [
      [
        97.84,
        98.35,
        98.63,
        98.61,
        98.74,
        98.83,
        98.72,
        98.78,
        98.94,
        98.81,
        98.86,
        99.09,
        99.12,
        99.04,
        99.06,
        99.08,
        99.07,
        99.02,
        99.12,
        99.17
      ],
      [
        97.55,
        98.49,
        98.65,
        98.71,
        98.84,
        98.9,
        98.93,
        99.01,
        98.94,
        98.97,
        99.1,
        99.11,
        99.08,
        99.19,
        99.06,
        98.96,
        99.14,
        99.19,
        99.11,
        99.06
      ],
      [
        97.49,
        98.3,
        98.54,
        98.62,
        98.85,
        98.96,
        98.93,
        98.93,
        99.02,
        99.14,
        99.21,
        99.04,
        99.12,
        99.02,
        99.14,
        99.25,
        99.15,
        99.18,
        99.1,
        99.11
      ],
      [
        97.64,
        98.32,
        98.58,
        98.66,
        98.92,
        98.85,
        99.0,
        99.06,
        99.0,
        99.14,
        99.13,
        99.12,
        99.01,
        99.13,
        99.05,
        98.89,
        99.05,
        99.12,
        99.19,
        99.17
      ],
      [
        97.62,
        98.58,
        98.7,
        98.84,
        98.77,
        98.85,
        98.96,
        98.85,
        99.08,
        99.04,
        99.16,
        99.06,
        99.12,
        99.08,
        99.16,
        99.18,
        99.22,
        99.19,
        99.2,
        99.21
      ]
    ]
  },
  "FC-Dropout, CONV-noBN": {
    "train_accs": [
      [
        81.92833333333333,
        95.44833333333334,
        96.64,
        97.22333333333333,
        97.63,
        97.96833333333333,
        98.04,
        98.18833333333333,
        98.31666666666666,
        98.41833333333334,
        98.50666666666666,
        98.61,
        98.57666666666667,
        98.615,
        98.66833333333334,
        98.77666666666667,
        98.765,
        98.79666666666667,
        98.905,
        98.90333333333334
      ],
      [
        83.005,
        95.145,
        96.62666666666667,
        97.01,
        97.53666666666666,
        97.80333333333333,
        97.98833333333333,
        98.04333333333334,
        98.32166666666667,
        98.34,
        98.46,
        98.53666666666666,
        98.58166666666666,
        98.585,
        98.735,
        98.75166666666667,
        98.84833333333333,
        98.82666666666667,
        98.93333333333334,
        98.88333333333334
      ],
      [
        83.13,
        95.51333333333334,
        96.76833333333333,
        97.29666666666667,
        97.67666666666666,
        97.98,
        98.21833333333333,
        98.26,
        98.36666666666666,
        98.43166666666667,
        98.62666666666667,
        98.59833333333333,
        98.67166666666667,
        98.79666666666667,
        98.835,
        98.835,
        98.90833333333333,
        98.94666666666667,
        98.91166666666666,
        98.94666666666667
      ],
      [
        81.96166666666667,
        95.33833333333334,
        96.47666666666667,
        97.22333333333333,
        97.55166666666666,
        97.77666666666667,
        98.005,
        98.135,
        98.24,
        98.385,
        98.44833333333334,
        98.49833333333333,
        98.59166666666667,
        98.625,
        98.72166666666666,
        98.73666666666666,
        98.82666666666667,
        98.83666666666667,
        98.90833333333333,
        98.91166666666666
      ],
      [
        81.78666666666666,
        94.71833333333333,
        96.27666666666667,
        96.83166666666666,
        97.365,
        97.57833333333333,
        97.79333333333334,
        97.905,
        98.07,
        98.175,
        98.265,
        98.32333333333334,
        98.38166666666666,
        98.55,
        98.60333333333334,
        98.56333333333333,
        98.64833333333333,
        98.66333333333333,
        98.72833333333334,
        98.81666666666666
      ]
    ],